{
  "hash": "c246c23f",
  "configHash": "3c9d2857",
  "lockfileHash": "8e260653",
  "browserHash": "8662682e",
  "optimized": {
    "@angular/cdk/bidi": {
      "src": "../../../../../../node_modules/@angular/cdk/fesm2022/bidi.mjs",
      "file": "@angular_cdk_bidi.js",
      "fileHash": "24b45a88",
      "needsInterop": false
    },
    "@angular/cdk/scrolling": {
      "src": "../../../../../../node_modules/@angular/cdk/fesm2022/scrolling.mjs",
      "file": "@angular_cdk_scrolling.js",
      "fileHash": "85501742",
      "needsInterop": false
    },
    "@angular/common": {
      "src": "../../../../../../node_modules/@angular/common/fesm2022/common.mjs",
      "file": "@angular_common.js",
      "fileHash": "867ed5cc",
      "needsInterop": false
    },
    "@angular/core": {
      "src": "../../../../../../node_modules/@angular/core/fesm2022/core.mjs",
      "file": "@angular_core.js",
      "fileHash": "532c2c31",
      "needsInterop": false
    },
    "@angular/material/button": {
      "src": "../../../../../../node_modules/@angular/material/fesm2022/button.mjs",
      "file": "@angular_material_button.js",
      "fileHash": "f5f3ed48",
      "needsInterop": false
    },
    "@angular/material/card": {
      "src": "../../../../../../node_modules/@angular/material/fesm2022/card.mjs",
      "file": "@angular_material_card.js",
      "fileHash": "72016c72",
      "needsInterop": false
    },
    "@angular/material/form-field": {
      "src": "../../../../../../node_modules/@angular/material/fesm2022/form-field.mjs",
      "file": "@angular_material_form-field.js",
      "fileHash": "d3caf605",
      "needsInterop": false
    },
    "@angular/material/icon": {
      "src": "../../../../../../node_modules/@angular/material/fesm2022/icon.mjs",
      "file": "@angular_material_icon.js",
      "fileHash": "eb0289db",
      "needsInterop": false
    },
    "@angular/material/select": {
      "src": "../../../../../../node_modules/@angular/material/fesm2022/select.mjs",
      "file": "@angular_material_select.js",
      "fileHash": "23d6d7dc",
      "needsInterop": false
    },
    "@angular/platform-browser": {
      "src": "../../../../../../node_modules/@angular/platform-browser/fesm2022/platform-browser.mjs",
      "file": "@angular_platform-browser.js",
      "fileHash": "dbae566b",
      "needsInterop": false
    },
    "@angular/router": {
      "src": "../../../../../../node_modules/@angular/router/fesm2022/router.mjs",
      "file": "@angular_router.js",
      "fileHash": "09f407f0",
      "needsInterop": false
    }
  },
  "chunks": {
    "chunk-A57UJ6SC": {
      "file": "chunk-A57UJ6SC.js"
    },
    "chunk-2ALR6AUZ": {
      "file": "chunk-2ALR6AUZ.js"
    },
    "chunk-3ZXS5GOA": {
      "file": "chunk-3ZXS5GOA.js"
    },
    "chunk-4UVTB6LF": {
      "file": "chunk-4UVTB6LF.js"
    },
    "chunk-7LXGKOPN": {
      "file": "chunk-7LXGKOPN.js"
    },
    "chunk-2O4WY5GE": {
      "file": "chunk-2O4WY5GE.js"
    },
    "chunk-2GCZXQWJ": {
      "file": "chunk-2GCZXQWJ.js"
    },
    "chunk-WEHWJRID": {
      "file": "chunk-WEHWJRID.js"
    },
    "chunk-HZVWXXVV": {
      "file": "chunk-HZVWXXVV.js"
    },
    "chunk-5JK5672D": {
      "file": "chunk-5JK5672D.js"
    },
    "chunk-A6MXQDG5": {
      "file": "chunk-A6MXQDG5.js"
    }
  }
}