{
  "hash": "71c4e2aa",
  "configHash": "d34493e5",
  "lockfileHash": "8e260653",
  "browserHash": "ffaacb32",
  "optimized": {
    "@angular/cdk/bidi": {
      "src": "../../../../../../node_modules/@angular/cdk/fesm2022/bidi.mjs",
      "file": "@angular_cdk_bidi.js",
      "fileHash": "33fdf210",
      "needsInterop": false
    },
    "@angular/cdk/scrolling": {
      "src": "../../../../../../node_modules/@angular/cdk/fesm2022/scrolling.mjs",
      "file": "@angular_cdk_scrolling.js",
      "fileHash": "ea3ac633",
      "needsInterop": false
    },
    "@angular/common": {
      "src": "../../../../../../node_modules/@angular/common/fesm2022/common.mjs",
      "file": "@angular_common.js",
      "fileHash": "e28525a4",
      "needsInterop": false
    },
    "@angular/core": {
      "src": "../../../../../../node_modules/@angular/core/fesm2022/core.mjs",
      "file": "@angular_core.js",
      "fileHash": "499c0061",
      "needsInterop": false
    },
    "@angular/material/button": {
      "src": "../../../../../../node_modules/@angular/material/fesm2022/button.mjs",
      "file": "@angular_material_button.js",
      "fileHash": "6d2163ba",
      "needsInterop": false
    },
    "@angular/material/card": {
      "src": "../../../../../../node_modules/@angular/material/fesm2022/card.mjs",
      "file": "@angular_material_card.js",
      "fileHash": "2a55eccf",
      "needsInterop": false
    },
    "@angular/material/form-field": {
      "src": "../../../../../../node_modules/@angular/material/fesm2022/form-field.mjs",
      "file": "@angular_material_form-field.js",
      "fileHash": "7229c0bc",
      "needsInterop": false
    },
    "@angular/material/icon": {
      "src": "../../../../../../node_modules/@angular/material/fesm2022/icon.mjs",
      "file": "@angular_material_icon.js",
      "fileHash": "30014245",
      "needsInterop": false
    },
    "@angular/material/select": {
      "src": "../../../../../../node_modules/@angular/material/fesm2022/select.mjs",
      "file": "@angular_material_select.js",
      "fileHash": "0420eb34",
      "needsInterop": false
    },
    "@angular/platform-browser": {
      "src": "../../../../../../node_modules/@angular/platform-browser/fesm2022/platform-browser.mjs",
      "file": "@angular_platform-browser.js",
      "fileHash": "992984a5",
      "needsInterop": false
    },
    "@angular/platform-server": {
      "src": "../../../../../../node_modules/@angular/platform-server/fesm2022/platform-server.mjs",
      "file": "@angular_platform-server.js",
      "fileHash": "8c17665d",
      "needsInterop": false
    },
    "@angular/router": {
      "src": "../../../../../../node_modules/@angular/router/fesm2022/router.mjs",
      "file": "@angular_router.js",
      "fileHash": "62a90c38",
      "needsInterop": false
    },
    "@angular/ssr": {
      "src": "../../../../../../node_modules/@angular/ssr/fesm2022/ssr.mjs",
      "file": "@angular_ssr.js",
      "fileHash": "012aa067",
      "needsInterop": false
    },
    "@angular/ssr/node": {
      "src": "../../../../../../node_modules/@angular/ssr/fesm2022/node.mjs",
      "file": "@angular_ssr_node.js",
      "fileHash": "a76b9235",
      "needsInterop": false
    },
    "express": {
      "src": "../../../../../../node_modules/express/index.js",
      "file": "express.js",
      "fileHash": "311a02cc",
      "needsInterop": true
    }
  },
  "chunks": {
    "chunk-JY5KRNJB": {
      "file": "chunk-JY5KRNJB.js"
    },
    "chunk-343IAW7O": {
      "file": "chunk-343IAW7O.js"
    },
    "xhr2-TXIMV6CV": {
      "file": "xhr2-TXIMV6CV.js"
    },
    "chunk-KSDBRMMR": {
      "file": "chunk-KSDBRMMR.js"
    },
    "chunk-FZ6MB6AX": {
      "file": "chunk-FZ6MB6AX.js"
    },
    "chunk-JI4ZV45H": {
      "file": "chunk-JI4ZV45H.js"
    },
    "chunk-SLSVIV4K": {
      "file": "chunk-SLSVIV4K.js"
    },
    "chunk-JME5XKN5": {
      "file": "chunk-JME5XKN5.js"
    },
    "chunk-A3Y33IGV": {
      "file": "chunk-A3Y33IGV.js"
    },
    "chunk-W7B2ITSV": {
      "file": "chunk-W7B2ITSV.js"
    },
    "chunk-UIUVQ2VV": {
      "file": "chunk-UIUVQ2VV.js"
    },
    "chunk-PFGQHEKB": {
      "file": "chunk-PFGQHEKB.js"
    },
    "chunk-DMZIEKSG": {
      "file": "chunk-DMZIEKSG.js"
    },
    "chunk-YT24NAFA": {
      "file": "chunk-YT24NAFA.js"
    },
    "chunk-PXXRCHXC": {
      "file": "chunk-PXXRCHXC.js"
    },
    "chunk-YHCV7DAQ": {
      "file": "chunk-YHCV7DAQ.js"
    }
  }
}